EmployeeID,EmployeeName,Salary,Position,State,DateOfBirth,Gender,MaritalStatus,HiringDate,TerminationDate,EmploymentStatus,Department,RecruitmentSource,PerformanceScore,EngagementSurvey,EmployeeSatisfaction
1,Sohan kumar,62506,ML Developer,MA,07-10-1983,M ,Single,07-05-2011,NULL,Active,Machine Learning       ,LinkedIn,Exceeds,4.6,5
2,Shreemram Sahu,104437,Data scientist,MA,05-05-1975,M ,Married,3/30/2015,6/16/2016,Voluntarily Terminated,IT/IS,Indeed,Fully Meets,4.96,3
3,Michael Williams,64955,Data anylist,MA,09/19/88,F,Married,07-05-2011,9/24/2012,Voluntarily Terminated,Machine Learning       ,LinkedIn,Fully Meets,3.02,3
4,Emily Brown,64991,ML Developer,MA,09/27/88,F,Married,01-07-2008,NULL,Active,Machine Learning       ,Indeed,Fully Meets,4.84,5
5,David Jones,50825,ML Developer,MA,09-08-1989,F,Divorced,07-11-2011,09-06-2016,Voluntarily Terminated,Machine Learning       ,Google Search,Fully Meets,5,4
6,Jessica Davis,57568,ML Developer,MA,05/22/77,F,Single,01-09-2012,NULL,Active,Machine Learning       ,LinkedIn,Exceeds,5,5
7,Christopher Miller,95660,Software Engineer,MA,05/24/79,F,Single,11-10-2014,NULL,Active,Engineering,LinkedIn,Fully Meets,3.04,3
8,Ashley Wilson,59365,ML Developer,MA,02/18/83,M ,Widowed,9/30/2013,NULL,Active,Machine Learning       ,Employee Referral,Fully Meets,5,4
9,Harsh parihar,47837,ML Developer,MA,02-11-1970,F,Single,07-06-2009,NULL,Active,Machine Learning       ,Diversity Job Fair,Fully Meets,4.46,3
10,Samantha Taylor,50178,IT Support,MA,01-07-1988,M ,Divorced,01-05-2015,NULL,Active,IT/IS,Indeed,Fully Meets,5,5
11,Dinesh Martinez,54670,ML Developer,MA,01-12-1974,F,Married,01-10-2011,01-12-2017,Voluntarily Terminated,Machine Learning       ,Diversity Job Fair,Fully Meets,4.2,4
12,Ashish Thomas,47211,ML Developer,MA,02/21/74,M ,Married,04-02-2012,9/19/2016,Voluntarily Terminated,Machine Learning       ,Diversity Job Fair,Fully Meets,4.2,3
13,Andrew Jackson,92328,Data Analyst,TX,07-04-1988,M ,Divorced,11-10-2014,NULL,Active,IT/IS,Diversity Job Fair,Exceeds,4.28,4
14,Elizabeth Thompson,58709,ML Developer,MA,07/20/83,M ,Single,2/20/2012,NULL,Active,Machine Learning       ,Google Search,Fully Meets,4.6,4
15,Ryan Lee,52505,ML Developer,MA,07/15/77,M ,Divorced,9/24/2012,04-06-2017,Voluntarily Terminated,Machine Learning       ,On-line Web application,Fully Meets,5,5
16,Olivia Davis,57834,ML Developer,MA,10/18/81,M ,Single,2/21/2011,08-04-2017,Terminated for Cause,Machine Learning       ,Google Search,Fully Meets,5,4
17,James Taylor,70131,Data anylist,MA,04/17/66,F,Married,7/21/2016,NULL,Active,Machine Learning       ,Employee Referral,Exceeds,4.4,3
18,Ajay,59026,ML Developer,MA,10/27/70,F,Single,04-04-2011,NULL,Active,Machine Learning       ,Google Search,Fully Meets,5,5
19,Joshua Anderson,110000,Database Administrator,MA,04-04-1986,F,Single,07-07-2014,09-12-2015,Terminated for Cause,IT/IS,Google Search,Fully Meets,4.5,4
20,Stephanie Martinez,53250,ML Developer,MA,04-06-1979,M ,Single,07-08-2013,NULL,Active,Machine Learning       ,LinkedIn,Fully Meets,4.2,4
21,Robert Davis,51044,ML Developer,MA,12/22/70,M ,Single,04-02-2012,NULL,Active,Machine Learning       ,Google Search,Fully Meets,5,3
22,Sushil Thompson,64919,ML Developer,MA,12/27/58,F,Divorced,8/19/2013,NULL,Active,Machine Learning       ,Indeed,Fully Meets,4.2,3
23,William Johnson,62910,ML Developer,MA,09-01-1989,F,Married,07-07-2014,NULL,Active,Machine Learning       ,Indeed,Exceeds,5,3
24,Divya Rahangdale,66441,Data anylist,MA,09/21/90,F,Single,04-04-2011,NULL,Active,Machine Learning       ,CareerBuilder,Needs Improvement,2,3
25,Benjamin Clark,57815,Data anylist,MA,01/16/67,F,Single,01-10-2011,04-04-2014,Voluntarily Terminated,Machine Learning       ,Google Search,Fully Meets,4.8,5
26,Nicole Lewis,103613,Enterprise Architect,CT,07/30/64,M ,Single,2/17/2014,2/19/2016,Terminated for Cause,IT/IS,LinkedIn,Fully Meets,3.5,5
27,Joseph Miller,106367,Sr. Accountant,MA,04-04-1987,F,Married,2/16/2015,NULL,Active,Admin Offices,Diversity Job Fair,Fully Meets,5,4
28,Kimberly Anderson,74312,Machine Learning Manager,MA,03-10-1970,M ,Single,9/30/2013,08-07-2014,Voluntarily Terminated,Machine Learning       ,Indeed,Fully Meets,3.39,3
29,David Wilson,53492,ML Developer,MA,08/24/90,F,Married,04-02-2012,6/15/2013,Voluntarily Terminated,Machine Learning       ,Google Search,Fully Meets,3.35,4
30,Michelle Moore,63000,Accountant I,MA,11/24/87,F,Married,10/27/2008,NULL,Active,Admin Offices,Diversity Job Fair,Fully Meets,4.5,2
31,Daniel Harris,65288,Data anylist,MA,07/28/83,M ,Single,9/29/2014,NULL,Active,Machine Learning       ,Google Search,Fully Meets,3.19,3
32,Tiffany Robinson,64375,ML Developer,MA,10/30/69,F,Separated,11-11-2013,NULL,Active,Machine Learning       ,Diversity Job Fair,Fully Meets,3.5,5
33,Christopher Wilson,74326,Area Sales Manager,VA,06-01-1964,F,Married,8/15/2011,08-02-2014,Voluntarily Terminated,Sales,Google Search,Fully Meets,3.14,5
34,Rachel Martinez,63763,Data anylist,MA,03-02-1980,F,Single,03-05-2012,NULL,Active,Machine Learning       ,Employee Referral,Fully Meets,4.51,4
35,Nicholas Walker,62162,Data anylist,MA,08/19/77,M ,Married,04-04-2011,NULL,Active,Machine Learning       ,Indeed,Fully Meets,3.25,5
36,Danielle Turner,77692,Software Engineering Manager,MA,11/22/66,M ,Single,8/15/2011,NULL,Active,Engineering,Google Search,Fully Meets,3.84,3
37,Matthew Evans,72640,Machine Learning Manager,MA,08-09-1983,M ,Single,1/28/2016,NULL,Active,Machine Learning       ,Indeed,Exceeds,5,3
38,Christina Allen,93396,Software Engineer,MA,04-05-1987,F,Single,11-11-2013,NULL,Active,Engineering,Indeed,Fully Meets,4.96,4
39,Andrew Davis,52846,ML Developer,MA,02-02-1983,M ,Single,3/31/2014,NULL,Active,Machine Learning       ,LinkedIn,Fully Meets,4.43,3
40,Heather King,100031,Sr. DBA,MA,06-06-1986,F,Single,6/30/2016,NULL,Active,IT/IS,LinkedIn,Fully Meets,5,5
41,Jonathan Thomas,71860,Area Sales Manager,VT,05/15/63,F,Single,8/18/2014,NULL,Active,Sales,Indeed,Fully Meets,5,5
42,Amy Green,61656,ML Developer,MA,01-02-1951,F,Single,9/29/2014,NULL,Active,Machine Learning       ,Google Search,Fully Meets,5,4
43,Anthony Garcia,110929,BI Director,MA,02-09-1972,M ,Married,09-06-2016,NULL,Active,IT/IS,Indeed,Fully Meets,4.5,5
44,Brittany Baker,54237,ML Developer,MA,02-12-1979,F,Single,05-12-2014,NULL,Active,Machine Learning       ,Indeed,Fully Meets,3.3,4
45,Jason Mitchell,60380,ML Developer,MA,08/24/83,M ,Single,07-08-2013,NULL,Active,Machine Learning       ,LinkedIn,Fully Meets,3.8,5
46,Rebecca Hernandez,66808,Area Sales Manager,TX,06-11-1970,M ,Single,5/14/2012,NULL,Active,Sales,Employee Referral,Fully Meets,3,5
47,Justin Lewis,64786,ML Developer,MA,08/27/83,F,Single,6/27/2011,11/15/2015,Voluntarily Terminated,Machine Learning       ,Indeed,Fully Meets,4.3,4
48,Vanessa Hall,64816,ML Developer,MA,05/31/88,F,Single,10-03-2011,NULL,Active,Machine Learning       ,Indeed,Fully Meets,3.58,5
49,Brian Thompson,68678,IT Support,MA,09-05-1985,M ,Single,09-05-2012,NULL,Active,IT/IS,Indeed,Fully Meets,4.7,3
50,Chelsea Hill,64066,Data anylist,MA,08/31/81,F,Married,5/16/2011,01-07-2013,Voluntarily Terminated,Machine Learning       ,Google Search,Fully Meets,4.2,5
51,Brandon Young,59369,Data anylist,MA,11/25/78,M ,Married,8/30/2010,9/26/2011,Voluntarily Terminated,Machine Learning       ,Indeed,Fully Meets,4.2,4
52,Amber Foster,50373,ML Developer,MA,08/26/80,M ,Married,07-06-2016,NULL,Active,Machine Learning       ,Employee Referral,Exceeds,4.1,4
53,Timothy Harris,63108,ML Developer,MA,09-08-1977,M ,Single,07-08-2013,NULL,Active,Machine Learning       ,Employee Referral,Fully Meets,4.4,5
54,Katie Wright,59144,ML Developer,MA,08-12-1979,M ,Single,07-11-2011,9/23/2016,Terminated for Cause,Machine Learning       ,LinkedIn,Needs Improvement,2,3
55,Kevin Scott,68051,Machine Learning Manager,MA,12/17/75,M ,Divorced,7/20/2010,NULL,Active,Machine Learning       ,CareerBuilder,Needs Improvement,4.13,2
56,Laura Carter,170500,Director of Operations,MA,03/19/83,M ,Single,01-05-2009,NULL,Active,Machine Learning       ,Indeed,Exceeds,3.7,5
57,Thomas Rodriguez,63381,ML Developer,MA,03/31/77,F,Married,01-05-2015,NULL,Active,Machine Learning       ,Indeed,Fully Meets,4.73,5
58,Anna Reed,83552,Data Analyst,MA,08/26/86,M ,Married,3/30/2015,NULL,Active,IT/IS,Indeed,Fully Meets,3.04,3
59,Zachary Sanchez,56149,ML Developer,MA,04-10-1987,F,Single,07-06-2016,NULL,Active,Machine Learning       ,LinkedIn,Fully Meets,4.12,5
60,Jennifer Hughes,92329,Sr. Network Engineer,CT,09-09-1965,M ,Single,11-10-2014,NULL,Active,IT/IS,Employee Referral,Fully Meets,5,3
61,Alexander Murphy,65729,Sales Manager,VT,04/19/90,F,Single,05-05-2014,NULL,Active,Sales,Indeed,Fully Meets,4.62,4
62,Erica Simmons,85028,Sr. Network Engineer,CT,01/18/52,F,Married,11-10-2014,NULL,Active,IT/IS,LinkedIn,Fully Meets,3.1,5
63,Jacob Murphy,57583,ML Developer,MA,11-05-1978,F,Married,07-02-2012,NULL,Active,Machine Learning       ,Indeed,Fully Meets,5,3
64,Melissa Edwards,56294,Data anylist,MA,09/14/79,M ,Single,11-07-2011,NULL,Active,Machine Learning       ,LinkedIn,Fully Meets,3.96,4
65,Samuel Wright,56991,ML Developer,MA,04/15/88,M ,Married,07-09-2018,NULL,Active,Machine Learning       ,Indeed,Fully Meets,4.3,4
66,Maria Phillips,55722,ML Developer,MA,10/31/77,M ,Married,5/16/2011,06-08-2016,Voluntarily Terminated,Machine Learning       ,Indeed,Fully Meets,5,4
67,Tyler Davis,101199,Software Engineer,MA,07-05-1979,F,Single,01-09-2012,NULL,Active,Engineering,CareerBuilder,Fully Meets,3.79,5
68,Lindsey Russell,61568,Area Sales Manager,AL,11-02-1975,M ,Single,9/29/2014,NULL,Active,Sales,Indeed,PIP,1.93,3
69,Nicholas Green,58275,Data anylist,MA,02/25/51,F,Separated,04-04-2011,11-04-2015,Voluntarily Terminated,Machine Learning       ,Google Search,Fully Meets,4.62,5
70,Kayla Coleman,53189,ML Developer,MA,04/19/67,M ,Married,07-07-2014,NULL,Active,Machine Learning       ,Indeed,PIP,1.12,2
71,Eric Mitchell,96820,BI Developer,MA,09-04-1983,M ,Single,2/15/2017,NULL,Active,IT/IS,Indeed,Fully Meets,3.01,5
72,Shannon Bailey,51259,ML Developer,MA,11/15/82,M ,Single,05-12-2014,NULL,Active,Machine Learning       ,Indeed,Fully Meets,4.3,4
73,Patrick Lopez,59231,Area Sales Manager,WA,05/14/87,F,Single,2/20/2012,NULL,Active,Sales,Website,PIP,2.3,1
74,Catherine Morris,61584,ML Developer,MA,12-02-1978,F,Married,01-07-2013,NULL,Active,Machine Learning       ,Indeed,Needs Improvement,3.88,4
75,Benjamin Turner,46335,ML Developer,MA,10-07-1986,F,Single,04-02-2012,NULL,Active,Machine Learning       ,CareerBuilder,Fully Meets,3.4,5
76,Holly Jenkins,70621,IT Support,MA,07/18/88,F,Married,01-05-2015,NULL,Active,IT/IS,Employee Referral,Fully Meets,4.11,4
77,Daniel Bell,138888,IT Manager - Support,MA,07-09-1970,M ,Single,01-05-2014,NULL,Active,IT/IS,Indeed,Exceeds,4.3,5
78,Stephanie Price,74241,Area Sales Manager,CA,11-08-1988,F,Single,01-10-2011,NULL,Active,Sales,Indeed,Exceeds,4.77,5
79,Matthew Walker,75188,Machine Learning Manager,MA,11/28/73,F,Single,9/18/2014,NULL,Active,Machine Learning       ,Google Search,Fully Meets,4.52,4
80,Brittany Cox,62514,ML Developer,MA,09/23/73,F,Married,4/26/2010,NULL,Active,Machine Learning       ,Google Search,Fully Meets,2.9,3
81,Anthony Hall,60070,ML Developer,MA,09-05-1991,F,Married,04-04-2011,06-06-2017,Voluntarily Terminated,Machine Learning       ,Google Search,Fully Meets,5,3
82,Victoria Turner,48888,ML Developer,MA,05/31/74,M ,Single,11-10-2014,NULL,Active,Machine Learning       ,LinkedIn,Fully Meets,4.7,5
83,Christopher Wilson,54285,ML Developer,MA,08/25/78,M ,Married,3/31/2014,NULL,Active,Machine Learning       ,Employee Referral,Fully Meets,4.2,3
84,Courtney Adams,56847,Data anylist,MA,08/25/89,F,Separated,07-07-2014,NULL,Active,Machine Learning       ,Indeed,PIP,3,1
85,Justin Allen,60340,ML Developer,MA,09-02-1983,M ,Single,04-02-2012,9/27/2018,Terminated for Cause,Machine Learning       ,Google Search,Needs Improvement,5,4
86,Allison Ward,59124,ML Developer,MA,05-06-1989,F,Single,2/17/2014,2/25/2018,Terminated for Cause,Machine Learning       ,Google Search,Needs Improvement,2.3,3
87,Andrew Scott,99280,Software Engineer,MA,05/15/87,F,Married,05-02-2011,06-05-2013,Terminated for Cause,Engineering,Indeed,Needs Improvement,2.1,5
88,Rachel Russell,71776,Data anylist,MA,09/22/78,F,Married,07-07-2014,NULL,Active,Machine Learning       ,LinkedIn,Fully Meets,4.4,5
89,Jonathan Turner,65902,Data anylist,MA,09/27/87,F,Single,2/17/2014,NULL,Active,Machine Learning       ,LinkedIn,Fully Meets,4,4
90,Erin Martinez,57748,ML Developer,MA,04/14/55,F,Married,11-07-2011,5/17/2016,Voluntarily Terminated,Machine Learning       ,Google Search,Fully Meets,3.13,3
91,Robert Roberts,64057,ML Developer,MA,10/18/89,M ,Married,05-11-2015,NULL,Active,Machine Learning       ,Indeed,PIP,1.56,5
92,Megan Phillips,53366,Network Engineer,MA,06/18/87,M ,Single,3/30/2015,NULL,Active,IT/IS,LinkedIn,PIP,1.2,3
93,Joshua Rodriguez,58530,ML Developer,MA,03/16/81,F,Married,01-09-2012,NULL,Active,Machine Learning       ,Google Search,Fully Meets,5,5
94,Kimberly James,72609,Data anylist,MA,10-01-1981,M ,Single,5/16/2011,6/24/2013,Voluntarily Terminated,Machine Learning       ,Google Search,Fully Meets,4.76,5
95,William Harris,55965,Data anylist,MA,11-08-1983,F,Married,04-04-2011,01-09-2013,Voluntarily Terminated,Machine Learning       ,Google Search,Fully Meets,3.66,3
96,Morgan Bennett,70187,Area Sales Manager,MA,07-07-1975,M ,Married,9/29/2014,8/19/2018,Terminated for Cause,Sales,Employee Referral,PIP,2,5
97,David Hernandez,178000,IT Director,MA,07-05-1980,M ,Single,4/15/2011,NULL,Active,IT/IS,Indeed,Exceeds,5,5
98,Amber Patterson,99351,Sr. Accountant,MA,04/16/79,F,Married,01-05-2009,NULL,Active,Admin Offices,Other,Fully Meets,5,3
99,Michael Young,67251,Area Sales Manager,CT,08/28/63,M ,Single,09-06-2011,NULL,Active,Sales,CareerBuilder,Fully Meets,4.3,3
100,Megan Mitchell,65707,IT Support,CT,07-06-1968,F,Single,05-01-2010,NULL,Active,IT/IS,LinkedIn,Fully Meets,4.7,4
101,Brian Clark,52249,ML Developer,MA,09/15/85,M ,Single,3/30/2015,NULL,Active,Machine Learning       ,Employee Referral,Fully Meets,4.5,3
102,Emily Adams,53171,ML Developer,MA,12-02-1983,F,Single,5/16/2011,NULL,Active,Machine Learning       ,LinkedIn,Fully Meets,4.2,4
103,Christopher Martinez,51337,ML Developer,MA,10-01-1990,F,Married,3/30/2015,NULL,Active,Machine Learning       ,LinkedIn,Fully Meets,3.73,3
104,Jessica Foster,51505,ML Developer,MA,05/15/70,F,Divorced,11-07-2011,11/15/2016,Voluntarily Terminated,Machine Learning       ,Diversity Job Fair,Fully Meets,4.24,4
105,Ryan Turner,59370,Area Sales Manager,OH,07-10-1971,F,Widowed,07-07-2014,09-05-2015,Terminated for Cause,Sales,CareerBuilder,Fully Meets,3.97,4
106,Danielle Collins,54933,ML Developer,MA,08-09-1974,M ,Married,04-02-2012,6/25/2015,Voluntarily Terminated,Machine Learning       ,Diversity Job Fair,Needs Improvement,3.97,4
107,Benjamin Campbell,57815,ML Developer,MA,05-08-1980,F,Single,9/29/2014,NULL,Active,Machine Learning       ,Indeed,Exceeds,3.9,4
108,Samantha Griffin,61555,Area Sales Manager,IN,09/22/89,F,Single,2/16/2015,NULL,Active,Sales,Indeed,Fully Meets,4.5,5
109,Joseph Nelson,114800,Database Administrator,MA,10/23/71,F,Single,2/16/2015,3/15/2015,Terminated for Cause,IT/IS,Indeed,Fully Meets,4.6,4
110,Ashley Simmons,74679,IT Support,MA,11/24/89,M ,Married,3/30/2015,NULL,Active,IT/IS,LinkedIn,Fully Meets,4.3,5
111,Nicholas Richardson,53018,ML Developer,MA,06/18/92,F,Single,11-11-2013,NULL,Active,Machine Learning       ,Indeed,Fully Meets,4.3,5
112,Jennifer Parker,59892,ML Developer,MA,09/29/69,M ,Divorced,07-11-2011,NULL,Active,Machine Learning       ,Diversity Job Fair,Exceeds,4.5,4
113,John Thompson,68898,Data anylist,MA,10-12-1964,M ,Married,4/26/2010,5/30/2011,Voluntarily Terminated,Machine Learning       ,Diversity Job Fair,PIP,3,3
114,Laura Wright,61242,IT Support,MA,04/16/81,F,Separated,01-05-2015,NULL,Active,IT/IS,Employee Referral,Fully Meets,4.61,4
115,Zachary Reed,66825,Data anylist,MA,05/25/86,F,Married,05-12-2014,NULL,Active,Machine Learning       ,LinkedIn,Fully Meets,4.6,3
116,Amanda Morris,48285,ML Developer,MA,05/21/79,M ,Married,07-02-2012,NULL,Active,Machine Learning       ,LinkedIn,Fully Meets,5,3
117,William Carter,66149,Data anylist,MA,12-08-1983,F,Separated,9/30/2013,NULL,Active,Machine Learning       ,Google Search,Fully Meets,4.4,5
118,Emily Lewis,49256,ML Developer,MA,10-09-1974,F,Married,8/19/2013,NULL,Active,Machine Learning       ,LinkedIn,Fully Meets,4.1,5
119,James Evans,62957,Machine Learning Manager,MA,07-11-1981,M ,Divorced,06-02-2015,NULL,Active,Machine Learning       ,Employee Referral,Fully Meets,4.63,3
120,Brittany Davis,63813,ML Developer,MA,05/21/83,F,Divorced,2/21/2011,01-11-2014,Voluntarily Terminated,Machine Learning       ,CareerBuilder,Fully Meets,5,5
121,Daniel Hernandez,99020,BI Developer,MA,06/30/89,M ,Married,4/20/2017,NULL,Active,IT/IS,Indeed,Fully Meets,4.2,5
122,Amanda Hayes,71707,Area Sales Manager,TN,02-09-1969,M ,Single,03-07-2012,10/31/2014,Voluntarily Terminated,Sales,LinkedIn,Fully Meets,4.5,5
123,Matthew Reed,54828,ML Developer,MA,03/23/77,F,Married,11/28/2011,NULL,Active,Machine Learning       ,Google Search,Fully Meets,4.2,4
124,Erica Bell,64246,Data anylist,MA,08-10-1988,M ,Single,11-11-2013,NULL,Active,Machine Learning       ,LinkedIn,Fully Meets,5,3
125,Christopher Scott,52177,ML Developer,MA,08/18/52,F,Single,01-09-2012,12/15/2015,Voluntarily Terminated,Machine Learning       ,CareerBuilder,Fully Meets,4.64,4
126,Sarah Hill,62065,ML Developer,MA,05-02-1974,F,Married,05-12-2014,NULL,Active,Machine Learning       ,CareerBuilder,Exceeds,4.76,4
127,David Parker,46998,ML Developer,MA,01-04-1984,M ,Single,8/13/2012,NULL,Active,Machine Learning       ,Google Search,Fully Meets,4.17,4
128,Christina Russell,68099,Data anylist,MA,08/27/72,F,Single,01-10-2011,6/18/2013,Voluntarily Terminated,Machine Learning       ,CareerBuilder,Fully Meets,5,3
129,Michael Phillips,70545,Area Sales Manager,NH,09/14/88,M ,Married,8/18/2014,NULL,Active,Sales,Indeed,Fully Meets,3.6,5
130,Lauren King,63478,Data anylist,MA,02/16/84,F,Married,8/15/2011,04-07-2012,Voluntarily Terminated,Machine Learning       ,Indeed,Fully Meets,3.03,5
131,Joshua Lewis,97999,Database Administrator,MA,02/21/84,F,Single,3/30/2015,NULL,Active,IT/IS,Indeed,Fully Meets,4.48,5
132,Stephanie Wilson,180000,Director of Sales,RI,03/17/66,F,Married,05-05-2014,NULL,Active,Sales,LinkedIn,Fully Meets,4.5,4
133,Jason Garcia,49920,Administrative Assistant,MA,09/16/85,F,Married,2/16/2015,4/15/2015,Terminated for Cause,Admin Offices,Indeed,Fully Meets,3.24,3
134,Rebecca Green,55425,ML Developer,MA,06-10-1986,F,Single,2/20/2012,NULL,Active,Machine Learning       ,LinkedIn,Fully Meets,4.8,4
135,Andrew Taylor,69340,Data anylist,MA,03-11-1984,F,Single,06-06-2016,NULL,Active,Machine Learning       ,LinkedIn,Fully Meets,3,5
136,Jessica Wright,64995,Data anylist,MA,05-07-1992,F,Separated,06-05-2015,NULL,Active,Machine Learning       ,Indeed,Fully Meets,4.5,3
137,Robert Lopez,68182,Data anylist,MA,09/22/76,F,Divorced,2/21/2011,04-01-2013,Voluntarily Terminated,Machine Learning       ,Google Search,Fully Meets,3.72,3
138,Melissa Bennett,83082,Machine Learning Manager,MA,11/15/76,M ,Married,2/21/2011,9/24/2012,Voluntarily Terminated,Machine Learning       ,Indeed,Needs Improvement,2.34,2
139,William Adams,51908,ML Developer,MA,01/28/91,F,Single,8/19/2013,NULL,Active,Machine Learning       ,Indeed,Fully Meets,3.99,3
140,Samantha Morris,61242,ML Developer,MA,09-11-1972,F,Single,11-05-2012,NULL,Active,Machine Learning       ,LinkedIn,Fully Meets,4.1,3
141,Benjamin Young,45069,ML Developer,MA,03/22/66,F,Divorced,9/30/2013,NULL,Active,Machine Learning       ,Employee Referral,Fully Meets,4.3,5
142,Elizabeth Campbell,60724,Data anylist,MA,11-06-1986,F,Divorced,07-05-2011,NULL,Active,Machine Learning       ,LinkedIn,Exceeds,4.6,4
143,Jacob Richardson,60436,ML Developer,MA,04/13/64,F,Separated,01-06-2014,NULL,Active,Machine Learning       ,LinkedIn,Fully Meets,5,5
144,Ashley Jenkins,46837,ML Developer,MA,08/19/59,M ,Married,11-07-2011,4/29/2018,Voluntarily Terminated,Machine Learning       ,CareerBuilder,Exceeds,4.7,4
145,Alexander Martin,105700,Database Administrator,MA,11-07-1986,F,Married,01-05-2015,NULL,Active,IT/IS,Indeed,Fully Meets,3.75,3
146,Nicole Patterson,63322,Data anylist,MA,09-08-1969,F,Single,07-07-2014,NULL,Active,Machine Learning       ,LinkedIn,Exceeds,4.3,3
147,Kevin Turner,61154,ML Developer,MA,04/17/86,F,Married,01-10-2011,04-01-2016,Voluntarily Terminated,Machine Learning       ,CareerBuilder,Fully Meets,4,4
148,Lindsey Collins,68999,Sales Manager,PA,11-11-1989,F,Single,11-07-2011,4/24/2014,Voluntarily Terminated,Sales,Google Search,Fully Meets,4.5,5
149,Michael Thompson,50482,ML Developer,MA,01/19/76,M ,Single,9/30/2013,NULL,Active,Machine Learning       ,Indeed,Fully Meets,3.07,4
150,Amanda Simmons,65310,Area Sales Manager,CO,11/27/79,M ,Single,8/19/2013,NULL,Active,Sales,Indeed,Fully Meets,4.3,5
151,Christopher Smith,250000,President & CEO,MA,09/21/54,F,Married,07-02-2012,NULL,Active,Executive Office,Indeed,Fully Meets,4.83,3
152,Calvin Brooks,54005,ML Developer,MA,12-08-1973,F,Married,9/26/2011,06-04-2015,Voluntarily Terminated,Machine Learning       ,Google Search,Fully Meets,3.6,5
153,Emily Watson,45433,ML Developer,MA,10-08-1970,F,Married,9/26/2011,01-09-2014,Voluntarily Terminated,Machine Learning       ,Google Search,Fully Meets,3.49,4
154,Owen Stewart,46654,ML Developer,MA,11-10-1977,M ,Single,2/17/2014,NULL,Active,Machine Learning       ,LinkedIn,Fully Meets,3.1,3
155,Lily Anderson,63973,ML Developer,MA,02-02-1980,M ,Married,01-10-2011,NULL,Active,Machine Learning       ,Indeed,Fully Meets,3.38,3
156,Gabriel Murphy,71339,Area Sales Manager,NY,02/24/69,M ,Single,03-07-2011,NULL,Active,Sales,Diversity Job Fair,Fully Meets,3.65,5
157,Sophia Mitchell,93206,Sr. Network Engineer,MA,04/23/86,M ,Married,11-10-2014,NULL,Active,IT/IS,Employee Referral,Fully Meets,4.46,5
158,Elijah Campbell,82758,Machine Learning Manager,MA,07-01-1972,M ,Married,01-10-2011,12-12-2015,Terminated for Cause,Machine Learning       ,Employee Referral,Fully Meets,4.78,4
159,Ava Bennett,66074,Data anylist,MA,07/25/79,F,Divorced,01-07-2013,3/31/2014,Voluntarily Terminated,Machine Learning       ,Indeed,Fully Meets,4.52,3
160,Julian Sanchez,46120,ML Developer,MA,12-09-1986,M ,Married,07-09-2012,NULL,Active,Machine Learning       ,LinkedIn,Fully Meets,5,5
161,Grace Roberts,64520,Accountant I,MA,04/26/84,M ,Divorced,01-06-2014,NULL,Active,Admin Offices,Website,Fully Meets,5,4
162,Isaac Foster,61962,Data anylist,MA,05-09-1984,M ,Married,04-02-2012,4/15/2013,Voluntarily Terminated,Machine Learning       ,Google Search,Fully Meets,4.9,3
163,Olivia Henderson,81584,Senior BI Developer,MA,06/14/87,F,Single,10-02-2016,NULL,Active,IT/IS,Indeed,Fully Meets,4.1,5
164,Mason Clarke,63676,ML Developer,MA,01/17/79,F,Single,9/26/2011,8/19/2018,Voluntarily Terminated,Machine Learning       ,CareerBuilder,Fully Meets,4.88,3
165,Chloe Lewis,93046,Shared Services Manager,MA,06-10-1984,M ,Married,01-05-2016,NULL,Active,Admin Offices,CareerBuilder,Fully Meets,4.1,4
166,Samuel Rivera,64738,ML Developer,MA,09-02-1982,M ,Married,5/14/2012,NULL,Active,Machine Learning       ,Google Search,Fully Meets,4.1,3
167,Harper Price,70468,Area Sales Manager,UT,12/27/88,M ,Separated,4/30/2012,NULL,Active,Sales,Website,Fully Meets,4.53,3
168,Ethan Adams,77915,Machine Learning Manager,MA,10/26/81,F,Married,9/30/2013,NULL,Active,Machine Learning       ,Website,Exceeds,4.1,3
169,Amelia Bryant,52624,ML Developer,MA,03/26/81,F,Married,07-05-2011,9/26/2018,Voluntarily Terminated,Machine Learning       ,Indeed,Fully Meets,3.18,4
170,Benjamin Carter,63450,Data anylist,MA,03/19/79,M ,Married,07-08-2013,NULL,Active,Machine Learning       ,LinkedIn,Fully Meets,4,3
171,Scarlett Hughes,51777,IT Support,CT,10-05-1988,F,Single,1/21/2011,NULL,Active,IT/IS,Diversity Job Fair,Exceeds,4.64,4
172,Liam Turner,67237,Data anylist,MA,12/26/76,F,Widowed,07-08-2013,9/15/2016,Voluntarily Terminated,Machine Learning       ,LinkedIn,Fully Meets,4.65,4
173,Abigail Reed,73330,Data anylist,MA,03/28/82,F,Single,8/19/2013,NULL,Active,Machine Learning       ,Indeed,Exceeds,4.2,4
174,Caleb Morgan,52057,ML Developer,MA,10/22/75,F,Married,2/16/2015,NULL,Active,Machine Learning       ,Website,Fully Meets,5,3
175,Sofia Wright,47434,ML Developer,MA,02/14/73,F,Single,11-07-2011,11/14/2015,Voluntarily Terminated,Machine Learning       ,Diversity Job Fair,Exceeds,5,4
176,Henry Gonzalez,52788,ML Developer,MA,11-09-1972,M ,Widowed,9/24/2012,9/26/2017,Voluntarily Terminated,Machine Learning       ,Indeed,Fully Meets,3.08,4
177,Victoria Parker,45395,ML Developer,MA,07-07-1986,F,Single,01-06-2014,NULL,Active,Machine Learning       ,LinkedIn,Fully Meets,4.6,4
178,Alexander Jenkins,62385,Data anylist,MA,08/25/76,F,Married,05-11-2016,NULL,Active,Machine Learning       ,LinkedIn,Fully Meets,5,3
179,Lucy Bell,68407,Data anylist,MA,12-10-1986,F,Married,07-05-2011,8/19/2012,Voluntarily Terminated,Machine Learning       ,LinkedIn,Fully Meets,5,4
180,Daniel Ramirez,61349,ML Developer,MA,11-07-1974,F,Married,11-11-2013,NULL,Active,Machine Learning       ,LinkedIn,Fully Meets,4.1,3
181,Stella Nelson,105688,Software Engineer,MA,11-07-1987,F,Single,11-11-2013,NULL,Active,Engineering,Google Search,Fully Meets,4.5,5
182,Jackson Cox,54132,ML Developer,MA,11/22/77,F,Married,5/31/2011,NULL,Active,Machine Learning       ,Indeed,Fully Meets,5,4
183,Isabella Simmons,55315,Data anylist,MA,05/21/87,F,Single,3/30/2015,NULL,Active,Machine Learning       ,LinkedIn,Fully Meets,5,5
184,Noah Ward,62810,ML Developer,MA,01-07-1987,F,Married,01-07-2013,NULL,Active,Machine Learning       ,CareerBuilder,Fully Meets,3.93,3
185,Riley Rodriguez,63291,Area Sales Manager,TX,07-01-1984,M ,Married,07-06-2016,NULL,Active,Sales,Website,Fully Meets,3.4,4
186,Aiden Gray,62659,ML Developer,MA,05/30/68,F,Single,04-02-2012,11-11-2016,Voluntarily Terminated,Machine Learning       ,Diversity Job Fair,Fully Meets,4.18,4
187,Aurora Hayes,55688,ML Developer,MA,09/22/76,F,Single,3/30/2015,NULL,Active,Machine Learning       ,CareerBuilder,Fully Meets,5,4
188,Carter Richardson,83667,Machine Learning Manager,MA,08-10-1981,M ,Single,8/16/2012,NULL,Active,Machine Learning       ,Indeed,Fully Meets,4.37,3
189,Penelope Evans,55800,Data anylist,MA,06/29/85,M ,Single,8/15/2011,09-04-2014,Voluntarily Terminated,Machine Learning       ,LinkedIn,PIP,3,2
190,Logan Taylor,58207,Data anylist,MA,08/17/92,M ,Married,11-07-2011,NULL,Active,Machine Learning       ,LinkedIn,Fully Meets,3.7,3
191,Harper Morris,157000,IT Manager - Infra,MA,10-05-1986,M ,Married,2/15/2012,NULL,Active,IT/IS,Diversity Job Fair,Needs Improvement,2.39,3
192,Matthew Green,72460,Data anylist,MA,04/24/70,F,Single,5/13/2013,NULL,Active,Machine Learning       ,Indeed,Exceeds,4.7,3
193,Zoey Baker,72106,Data anylist,MA,12-03-1976,M ,Single,01-09-2012,NULL,Active,Machine Learning       ,Diversity Job Fair,Fully Meets,4.1,4
194,David Phillips,52599,Network Engineer,MA,04-04-1979,F,Married,2/16/2015,NULL,Active,IT/IS,CareerBuilder,Fully Meets,3.81,3
195,Mila Butler,63430,ML Developer,MA,07-07-1984,F,Divorced,04-01-2013,NULL,Active,Machine Learning       ,LinkedIn,Fully Meets,4.4,4
196,Joseph King,74417,Data anylist,MA,12-01-1974,M ,Separated,5/13/2013,NULL,Active,Machine Learning       ,LinkedIn,Fully Meets,4.29,5
197,Avery Coleman,57575,ML Developer,MA,04/18/80,M ,Single,07-08-2013,NULL,Active,Machine Learning       ,LinkedIn,Fully Meets,4.1,4
198,Sebastian Smith,87921,Senior BI Developer,MA,04/25/70,M ,Single,02-10-2017,NULL,Active,IT/IS,Indeed,Fully Meets,5,3
199,Eleanor White,50470,ML Developer,MA,05-02-1989,M ,Single,9/26/2011,04-04-2014,Voluntarily Terminated,Machine Learning       ,Diversity Job Fair,Fully Meets,4.3,3
200,Leo Turner,46664,ML Developer,MA,03/28/83,M ,Married,04-01-2013,5/25/2016,Voluntarily Terminated,Machine Learning       ,Employee Referral,Fully Meets,3.18,3
201,Addison Adams,48495,ML Developer,MA,04-08-1977,M ,Married,05-12-2014,NULL,Active,Machine Learning       ,LinkedIn,Fully Meets,5,5
202,Andrew Martin,52984,ML Developer,MA,06-03-1967,F,Separated,04-01-2013,NULL,Active,Machine Learning       ,Diversity Job Fair,Exceeds,4,3
203,Brooklyn Peterson,63695,Area Sales Manager,GA,03/31/89,F,Single,07-08-2013,NULL,Active,Sales,Indeed,Fully Meets,5,5
204,Nathan Clark,62061,ML Developer,MA,07-07-1984,F,Single,07-08-2013,NULL,Active,Machine Learning       ,LinkedIn,Fully Meets,3.6,5
205,Leah Morris,66738,Data anylist,MA,11/23/85,F,Single,11-10-2014,NULL,Active,Machine Learning       ,Indeed,Fully Meets,4.53,5
206,Jack Hill,52674,ML Developer,MA,09/30/80,F,Single,3/31/2014,05-01-2018,Terminated for Cause,Machine Learning       ,LinkedIn,PIP,2.33,2
207,Grace Ross,71966,Data anylist,MA,02-11-1952,F,Married,5/14/2012,8/19/2013,Voluntarily Terminated,Machine Learning       ,LinkedIn,Fully Meets,5,3
208,Ryan Mitchell,63051,Area Sales Manager,FL,05-11-1990,F,Single,9/30/2013,NULL,Active,Sales,Indeed,Fully Meets,4.28,3
209,Madison Collins,47414,ML Developer,MA,12-11-1976,M ,Married,9/30/2013,NULL,Active,Machine Learning       ,LinkedIn,Exceeds,5,3
210,Gabriel Thompson,53060,ML Developer,MA,11/24/79,M ,Single,2/17/2014,NULL,Active,Machine Learning       ,LinkedIn,Needs Improvement,4.25,3
211,Emily Cooper,68829,Area Sales Manager,NC,05/19/82,M ,Single,01-05-2015,NULL,Active,Sales,Website,Fully Meets,5,5
212,Dylan Martinez,63515,ML Developer,MA,05-01-1979,F,Married,02-07-2011,01-12-2014,Voluntarily Terminated,Machine Learning       ,Google Search,Fully Meets,3.89,4
213,Hazel Watson,108987,Software Engineer,MA,02/20/79,M ,Single,11-07-2011,09-07-2015,Voluntarily Terminated,Engineering,Diversity Job Fair,Exceeds,5,5
214,Zachary Stewart,93093,Data Analyst,MA,09-05-1984,M ,Married,12-01-2014,05-01-2016,Voluntarily Terminated,IT/IS,Employee Referral,Fully Meets,4.7,4
215,Audrey Anderson,53564,ML Developer,MA,03/17/88,M ,Single,01-10-2011,12/28/2017,Voluntarily Terminated,Machine Learning       ,Google Search,Needs Improvement,3.54,5
216,William Murphy,60270,Data anylist,MA,07/18/89,F,Married,07-05-2011,9/15/2015,Voluntarily Terminated,Machine Learning       ,CareerBuilder,Needs Improvement,2.4,5
217,Scarlett Mitchell,45998,ML Developer,MA,07/20/86,F,Single,5/16/2011,10/25/2015,Voluntarily Terminated,Machine Learning       ,LinkedIn,Fully Meets,3.45,4
218,Samuel Campbell,57954,Data anylist,MA,08/17/86,F,Married,5/16/2011,02-04-2013,Voluntarily Terminated,Machine Learning       ,Indeed,Exceeds,4.2,5
219,Lila Bennett,74669,Machine Learning Manager,MA,05-09-1977,F,Married,10/25/2010,5/18/2016,Voluntarily Terminated,Machine Learning       ,Indeed,Fully Meets,4.16,5
220,Oliver Sanchez,74226,Data anylist,MA,03-10-1979,F,Married,04-02-2012,NULL,Active,Machine Learning       ,LinkedIn,Fully Meets,4.3,3
221,Victoria Roberts,93554,Data Analyst,MA,09/16/84,F,Married,11-10-2014,NULL,Active,IT/IS,Employee Referral,Exceeds,4.6,5
222,Daniel Foster,64724,ML Developer,MA,03-06-1988,M ,Married,07-05-2011,11/30/2012,Voluntarily Terminated,Machine Learning       ,Google Search,Fully Meets,5,3
223,Stella Henderson,47001,ML Developer,MA,11/23/81,M ,Single,11-05-2007,NULL,Active,Machine Learning       ,Google Search,Fully Meets,3.66,3
224,James Clarke,61844,Area Sales Manager,KY,08/29/88,F,Married,01-09-2012,NULL,Active,Sales,Website,Fully Meets,4.2,5
225,Ava Lewis,46799,ML Developer,MA,10/15/84,F,Divorced,5/16/2011,06-04-2018,Voluntarily Terminated,Machine Learning       ,Google Search,Fully Meets,3.17,4
226,Ethan Rivera,59472,ML Developer,MA,06/19/61,M ,Single,01-06-2014,NULL,Active,Machine Learning       ,Employee Referral,Fully Meets,4.8,3
227,Sophia Price,46430,ML Developer,MA,09/22/70,F,Divorced,9/24/2012,6/18/2013,Voluntarily Terminated,Machine Learning       ,Indeed,Fully Meets,4.5,5
228,Elijah Adams,83363,Software Engineer,MA,11-06-1984,M ,Married,2/21/2011,8/15/2015,Voluntarily Terminated,Engineering,Diversity Job Fair,Fully Meets,4.15,4
229,Lily Bryant,95920,BI Developer,MA,05-12-1980,F,Married,10-02-2016,NULL,Active,IT/IS,Indeed,Fully Meets,4.4,4
230,Gabriel Carter,61729,ML Developer,MA,12/31/84,M ,Divorced,9/26/2011,04-07-2018,Voluntarily Terminated,Machine Learning       ,Indeed,Fully Meets,3.8,5
231,Chloe Hughes,61809,Area Sales Manager,ID,10-12-1954,M ,Married,05-12-2014,NULL,Active,Sales,CareerBuilder,Fully Meets,3.98,3
232,Owen Turner,45115,ML Developer,MA,07/22/82,M ,Divorced,5/16/2011,1/15/2016,Voluntarily Terminated,Machine Learning       ,LinkedIn,Fully Meets,5,4
233,Grace Reed,46738,ML Developer,MA,01-12-1973,F,Married,11/28/2011,NULL,Active,Machine Learning       ,Google Search,Exceeds,4.36,5
234,Isaac Morgan,64971,Data anylist,MA,09-05-1981,F,Divorced,9/26/2011,10/22/2011,Voluntarily Terminated,Machine Learning       ,Google Search,Fully Meets,4.5,4
235,Olivia Wright,55578,Data anylist,MA,07-03-1972,M ,Married,07-05-2011,02-08-2012,Voluntarily Terminated,Machine Learning       ,Indeed,Fully Meets,4.2,5
236,Benjamin Gonzalez,50428,ML Developer,MA,01-07-1974,M ,Married,01-10-2011,1/26/2016,Voluntarily Terminated,Machine Learning       ,Indeed,Fully Meets,5,3
237,Harper Parker,61422,ML Developer,MA,01-07-1985,F,Married,01-10-2011,5/17/2016,Terminated for Cause,Machine Learning       ,Indeed,Needs Improvement,3.6,3
238,Mason Jenkins,63353,ML Developer,MA,01/28/85,M ,Widowed,07-08-2013,NULL,Active,Machine Learning       ,Employee Referral,Exceeds,3.6,5
239,Amelia Bell,89883,Data Analyst,MA,10-11-1981,F,Married,2/16/2015,NULL,Active,IT/IS,Employee Referral,Fully Meets,3.69,5
240,Samuel Ramirez,120000,Principal Data Architect,MA,05/27/73,F,Single,01-05-2015,11-10-2018,Voluntarily Terminated,IT/IS,LinkedIn,Fully Meets,3.88,3
241,Ava Nelson,150290,Data Architect,MA,11/21/72,F,Single,01-07-2017,NULL,Active,IT/IS,Indeed,Fully Meets,4.94,3
242,Julian Cox,60627,ML Developer,MA,12-05-1974,F,Separated,01-06-2014,NULL,Active,Machine Learning       ,Website,Fully Meets,5,4
243,Emily Simmons,53180,ML Developer,MA,03/18/87,M ,Single,04-04-2011,8/13/2018,Voluntarily Terminated,Machine Learning       ,Google Search,Fully Meets,5,5
244,Liam Ward,140920,IT Manager - DB,MA,04-05-1973,M ,Single,1/20/2013,NULL,Active,IT/IS,Indeed,Fully Meets,3.6,5
245,Abigail Rodriguez,148999,IT Manager - DB,MA,01-04-1964,M ,Divorced,01-09-2012,11-04-2015,Voluntarily Terminated,IT/IS,Diversity Job Fair,Fully Meets,4.3,4
246,Caleb Gray,86214,Software Engineer,MA,07/24/86,F,Married,11-05-2012,NULL,Active,Engineering,Indeed,Fully Meets,4.2,3
247,Sofia Hayes,47750,ML Developer,MA,06-06-1968,F,Single,07-04-2016,NULL,Active,Machine Learning       ,Diversity Job Fair,Needs Improvement,2.6,4
248,Henry Richardson,46428,ML Developer,MA,12/21/74,M ,Single,01-05-2009,7/30/2018,Voluntarily Terminated,Machine Learning       ,Google Search,Fully Meets,4.6,5
249,Victoria Evans,57975,Data anylist,MA,04/26/86,M ,Married,8/30/2010,NULL,Active,Machine Learning       ,CareerBuilder,Fully Meets,4.1,3
250,Alexander Green,88527,Data Analyst ,MA,12/17/87,M ,Divorced,01-05-2015,10/31/2015,Voluntarily Terminated,IT/IS,LinkedIn,Fully Meets,4.2,3
251,Lucy Baker,56147,ML Developer,MA,07-10-1988,F,Married,9/29/2014,NULL,Active,Machine Learning       ,LinkedIn,Fully Meets,3.51,3
252,Kwame Adu,50923,ML Developer,MA,03-10-1975,F,Single,9/30/2013,NULL,Active,Machine Learning       ,Google Search,Fully Meets,5,5
253,Abena Mensah,50750,Network Engineer,MA,04/14/81,F,Married,9/30/2014,NULL,Active,IT/IS,LinkedIn,Fully Meets,3.31,3
254,Kofi Osei,52087,ML Developer,MA,08/24/85,F,Married,8/19/2013,NULL,Active,Machine Learning       ,LinkedIn,Fully Meets,4.81,4
255,Akua Boateng,87826,Data Analyst,MA,02-08-1970,M ,Married,01-05-2015,NULL,Active,IT/IS,Employee Referral,Fully Meets,3.32,3
256,Nana Acheampong,51920,Administrative Assistant,MA,05/19/88,F,Single,05-01-2015,NULL,Active,Admin Offices,Website,Fully Meets,5,3
257,Esi Amponsah,63878,Data anylist,MA,11/25/87,F,Single,10/26/2009,04-08-2015,Voluntarily Terminated,Machine Learning       ,CareerBuilder,Fully Meets,4.68,4
258,Kwadwo Owusu,60656,Data anylist,MA,10/30/63,M ,Single,9/29/2014,NULL,Active,Machine Learning       ,Indeed,Exceeds,4.3,3
259,Ama Gyasi,72992,Sales Manager,MA,08/16/84,M ,Divorced,5/18/2014,NULL,Active,Sales,Diversity Job Fair,Needs Improvement,2.4,4
260,Kojo Ansah,55000,Administrative Assistant,MA,06/14/87,F,Married,9/26/2011,9/25/2013,Voluntarily Terminated,Admin Offices,Diversity Job Fair,Fully Meets,3.8,4
261,Yaa Appiah,58939,ML Developer,MA,02-02-1965,F,Single,11-11-2013,NULL,Active,Machine Learning       ,Employee Referral,Fully Meets,3.73,3
262,Kwesi Mensah,66593,IT Support,MA,03-12-1973,F,Married,06-10-2011,NULL,Active,IT/IS,LinkedIn,Fully Meets,4.3,3
263,Afia Darko,87565,Sr. Network Engineer,MA,02-09-1983,M ,Married,6/30/2016,NULL,Active,IT/IS,LinkedIn,Fully Meets,3.27,4
264,Kwabena Boateng,64021,ML Developer,MA,07/20/68,F,Married,2/20/2012,NULL,Active,Machine Learning       ,Indeed,PIP,2.4,2
265,Adwoa Agyemang,65714,Machine Learning Manager,MA,09/30/75,F,Married,10-02-2012,NULL,Active,Machine Learning       ,LinkedIn,Fully Meets,4.83,5
266,Nii Tetteh,62425,ML Developer,MA,03/26/73,F,Divorced,5/13/2013,6/29/2015,Voluntarily Terminated,Machine Learning       ,LinkedIn,Exceeds,4.1,4
267,Maa Anokye,47961,ML Developer,MA,08/25/82,F,Divorced,01-10-2011,NULL,Active,Machine Learning       ,Google Search,Fully Meets,4.1,4
268,Kweku Asante,58273,Area Sales Manager,NV,05-09-1974,M ,Married,05-12-2014,NULL,Active,Sales,Website,PIP,1.81,2
269,Aba Obeng,63003,Accountant I,MA,09-01-1986,M ,Single,9/29/2014,NULL,Active,Admin Offices,Indeed,Fully Meets,3.9,5
270,Kwaku Ofori,61355,ML Developer,MA,03/14/85,M ,Married,2/17/2014,NULL,Active,Machine Learning       ,LinkedIn,Fully Meets,4.7,3
271,Akosua Adu,60120,Area Sales Manager,MT,05-12-1989,F,Married,9/27/2010,NULL,Active,Sales,Indeed,Fully Meets,4.1,4
272,Kobby Osei,63682,Machine Learning Manager,MA,03/28/78,F,Married,01-08-2009,NULL,Active,Machine Learning       ,Indeed,Fully Meets,3.73,4
273,Adwoa Asare,63025,ML Developer,MA,10-07-1982,M ,Married,01-05-2015,NULL,Active,Machine Learning       ,Google Search,Fully Meets,4.36,5
274,Kojo Amoah,59238,ML Developer,MA,08/15/68,F,Single,5/14/2012,NULL,Active,Machine Learning       ,Indeed,Fully Meets,3.4,5
275,Efia Yeboah,92989,Software Engineer,MA,05-06-1983,M ,Single,07-07-2014,NULL,Active,Engineering,LinkedIn,Exceeds,4.5,5
276,Kwame Addo,90100,BI Developer,MA,10/24/87,M ,Married,4/20/2017,NULL,Active,IT/IS,Indeed,Fully Meets,3.4,3
277,Akua Owusu,60754,ML Developer,MA,04-03-1975,F,Married,4/27/2009,04-01-2013,Voluntarily Terminated,Machine Learning       ,Diversity Job Fair,Fully Meets,4.5,5
278,Kwesi Acheampong,72202,Data anylist,MA,05/24/53,F,Married,5/16/2011,07-08-2017,Voluntarily Terminated,Machine Learning       ,Google Search,Fully Meets,3.93,3
279,Ama Mensah,58370,Area Sales Manager,OR,05-07-1965,F,Single,9/29/2014,NULL,Active,Sales,Indeed,Fully Meets,3.69,3
280,Nana Boateng,48413,ML Developer,MA,05-09-1965,F,Single,07-05-2011,09-05-2016,Voluntarily Terminated,Machine Learning       ,Indeed,Fully Meets,3.98,4
281,Esi Amankwah,67176,Data anylist,MA,09/16/75,M ,Widowed,6/25/2007,8/30/2010,Voluntarily Terminated,Machine Learning       ,Other,Fully Meets,4.1,4
282,Kofi Appiah,56339,ML Developer,MA,06-05-1967,F,Divorced,2/18/2013,NULL,Active,Machine Learning       ,Indeed,Fully Meets,4.21,5
283,Abena Adjei,64397,Area Sales Manager,ND,01/15/68,M ,Separated,01-09-2006,NULL,Active,Sales,Indeed,Exceeds,4.1,3
284,Kojo Ampofo,63025,ML Developer,MA,05/16/83,F,Single,2/17/2014,NULL,Active,Machine Learning       ,LinkedIn,Needs Improvement,2.44,5
285,Yaa Ansah,75281,Network Engineer,MA,05-05-1988,M ,Married,01-05-2015,02-12-2016,Voluntarily Terminated,IT/IS,CareerBuilder,Fully Meets,5,3
286,Kwadwo Darko,100416,Software Engineer,MA,06/14/83,M ,Single,2/18/2013,4/15/2018,Voluntarily Terminated,Engineering,Diversity Job Fair,Fully Meets,4.6,3
287,Akua Addo,74813,Data anylist,MA,03/15/85,F,Single,01-10-2011,07-02-2014,Voluntarily Terminated,Machine Learning       ,LinkedIn,Fully Meets,4.4,3
288,Kweku Agyemang,76029,Network Engineer,MA,03/31/69,M ,Married,3/30/2015,NULL,Active,IT/IS,Employee Referral,Fully Meets,5,4
289,Afia Mensah,57859,Area Sales Manager,AZ,05/23/91,F,Married,07-05-2011,NULL,Active,Sales,Indeed,Fully Meets,2.81,3
290,Kwabena Osei,58523,ML Developer,MA,01/31/87,M ,Divorced,8/13/2012,02-05-2016,Voluntarily Terminated,Machine Learning       ,LinkedIn,Exceeds,4.5,5
291,Ama Gyamfi,88976,Machine Learning Manager,MA,10-10-1968,M ,Divorced,08-01-2011,NULL,Active,Machine Learning       ,Employee Referral,Fully Meets,3.93,3
292,Nii Amponsah,55875,Area Sales Manager,ME,07-11-1989,M ,Single,03-05-2012,NULL,Active,Sales,Website,Fully Meets,4.5,4
293,Adwoa Boateng,113999,Database Administrator,MA,08-07-1986,M ,Married,2/16/2015,2/22/2017,Terminated for Cause,IT/IS,Employee Referral,Fully Meets,4.33,3
294,Kobby Asamoah,49773,ML Developer,MA,06-03-1986,F,Married,9/26/2011,02-08-2016,Terminated for Cause,Machine Learning       ,Google Search,Exceeds,4.3,5
295,Akosua Badu,62068,ML Developer,MA,04-06-1985,F,Single,07-05-2015,NULL,Active,Machine Learning       ,LinkedIn,Fully Meets,3.21,3
296,Kwaku Nkrumah,66541,Data anylist,MA,02-10-1976,M ,Single,8/18/2014,NULL,Active,Machine Learning       ,Employee Referral,Fully Meets,3.11,5
297,Suresh,80512,Machine Learning Manager,MA,11/14/55,F,Married,9/26/2011,01-02-2012,Voluntarily Terminated,Machine Learning       ,Diversity Job Fair,Fully Meets,4.5,3
298,Kwame Bonsu,50274,ML Developer,MA,08-02-1980,F,Single,8/13/2012,09-01-2015,Voluntarily Terminated,Machine Learning       ,CareerBuilder,Needs Improvement,2.5,3
299,Kojo Anane,84903,Senior BI Developer,MA,07-08-1981,M ,Single,2/15/2017,NULL,Active,IT/IS,Indeed,Fully Meets,3.42,4
300,Efia Owusu,107226,Sr. Network Engineer,MA,05-02-1978,F,Widowed,3/30/2015,NULL,Active,IT/IS,Employee Referral,Fully Meets,4.2,4
306,Abena Yeboah,60446,Data anylist,MA,04/20/85,F,Single,9/29/2014,NULL,Active,Machine Learning       ,LinkedIn,Fully Meets,3.4,4
307,Nana Asare,65893,Data anylist,MA,05-11-1985,M ,Single,07-07-2014,NULL,Active,Machine Learning       ,LinkedIn,Fully Meets,4.07,4
308,Yaa Yeboah,48513,ML Developer,MA,05-04-1982,F,Single,09-02-2008,9/29/2015,Voluntarily Terminated,Machine Learning       ,Google Search,PIP,3.2,2
309,Kojo Ofori,220450,CIO,MA,08/30/79,F,Single,04-10-2010,NULL,Active,IT/IS,Employee Referral,Exceeds,4.6,5
310,Esi Amoako,89292,Data Analyst,MA,02/24/79,F,Single,3/30/2015,NULL,Active,IT/IS,Employee Referral,Fully Meets,5,3
311,Rakesh Annan,45046,ML Developer,MA,08/17/78,F,Widowed,9/29/2014,NULL,Active,Machine Learning       ,LinkedIn,Fully Meets,4.5,5
